Data,Otwarcie,Najwyzszy,Najnizszy,Zamkniecie,Wolumen
2021-05-06,0.6222,0.6741,0.5418,0.5792
2021-05-07,0.5787,0.6822,0.5183,0.6784
2021-05-08,0.6787,0.739,0.6066,0.6464
2021-05-09,0.6462,0.7008,0.423,0.5404
2021-05-10,0.5397,0.5898,0.4235,0.4705
2021-05-11,0.4703,0.5452,0.4358,0.5013
2021-05-12,0.5011,0.5254,0.4349,0.4633
2021-05-13,0.464,0.4694,0.3559,0.422
2021-05-14,0.424,0.5912,0.42,0.5553
2021-05-15,0.5545,0.5705,0.492,0.5229
2021-05-16,0.5232,0.5481,0.4507,0.4915
2021-05-17,0.4914,0.5238,0.4568,0.4853
2021-05-18,0.4851,0.5142,0.4701,0.4751
2021-05-19,0.4753,0.483,0.2378,0.3519
2021-05-20,0.3515,0.4345,0.2966,0.4136
2021-05-21,0.4137,0.4137,0.3146,0.3526
2021-05-22,0.3539,0.3606,0.3176,0.3445
2021-05-23,0.344,0.3606,0.2494,0.3149
2021-05-24,0.3149,0.372,0.2964,0.3507
2021-05-25,0.3499,0.3804,0.3237,0.3442
2021-05-26,0.3441,0.3664,0.3376,0.347
2021-05-27,0.3471,0.3545,0.3279,0.3388
2021-05-28,0.3387,0.3463,0.3015,0.306
2021-05-29,0.306,0.3179,0.2812,0.299
2021-05-30,0.299,0.3103,0.2876,0.3029
2021-05-31,0.3029,0.327,0.2945,0.3245
2021-06-01,0.3247,0.3474,0.3123,0.3474
2021-06-02,0.3475,0.4441,0.3475,0.4311
2021-06-03,0.431,0.4403,0.3778,0.4001
2021-06-04,0.4001,0.4037,0.3516,0.3876
2021-06-05,0.3876,0.3938,0.3603,0.3655
2021-06-06,0.3656,0.3765,0.3648,0.371
2021-06-07,0.371,0.3795,0.331,0.3392
2021-06-08,0.3392,0.3448,0.2994,0.3327
2021-06-09,0.3327,0.3529,0.3128,0.3417
2021-06-10,0.3416,0.3489,0.3231,0.3279
2021-06-11,0.3279,0.3328,0.3115,0.3182
2021-06-12,0.3178,0.3227,0.3017,0.3147
2021-06-13,0.3147,0.3299,0.3078,0.3253
2021-06-14,0.3252,0.3368,0.32,0.3266
2021-06-15,0.3268,0.3304,0.3169,0.3211
2021-06-16,0.3213,0.3219,0.3058,0.3112
2021-06-17,0.3112,0.3138,0.3029,0.3057
2021-06-18,0.3057,0.3075,0.28,0.2952
2021-06-19,0.2951,0.2973,0.2862,0.2889
2021-06-20,0.2889,0.2894,0.2562,0.2819
2021-06-21,0.2817,0.2829,0.1893,0.1893
2021-06-22,0.1902,0.2157,0.1656,0.1881
2021-06-23,0.1882,0.2467,0.1817,0.2319
2021-06-24,0.2317,0.2653,0.2225,0.2653
2021-06-25,0.265,0.2889,0.2298,0.2439
2021-06-26,0.2441,0.255,0.231,0.2382
2021-06-27,0.2382,0.2528,0.2382,0.2451
2021-06-28,0.245,0.2663,0.2448,0.2611
2021-06-29,0.2606,0.2749,0.253,0.2681
2021-06-30,0.2679,0.268,0.2385,0.2501
2021-07-01,0.2501,0.259,0.2389,0.2467
2021-07-02,0.2467,0.2483,0.2387,0.2441
2021-07-03,0.2442,0.25,0.2422,0.2471
2021-07-04,0.247,0.2524,0.2436,0.2501
2021-07-05,0.2501,0.2501,0.2269,0.2352
2021-07-06,0.2352,0.2418,0.2296,0.2299
2021-07-07,0.2299,0.238,0.2291,0.2301
2021-07-08,0.2301,0.2305,0.2062,0.2071
2021-07-09,0.2071,0.2293,0.1958,0.2214
2021-07-10,0.2214,0.2275,0.2101,0.2123
2021-07-11,0.2123,0.2186,0.2108,0.2178
2021-07-12,0.2179,0.2188,0.2043,0.21
2021-07-13,0.21,0.2111,0.198,0.1999
2021-07-14,0.1999,0.2043,0.1878,0.1978
2021-07-15,0.1979,0.2007,0.1807,0.1856
2021-07-16,0.1853,0.1882,0.1742,0.1756
2021-07-17,0.1756,0.2127,0.1691,0.1869
2021-07-18,0.187,0.1958,0.1811,0.1852
2021-07-19,0.1853,0.1857,0.1707,0.1733
2021-07-20,0.1731,0.1793,0.1604,0.1713
2021-07-21,0.1713,0.2139,0.1676,0.1885
2021-07-22,0.1884,0.1963,0.1865,0.1899
2021-07-23,0.1899,0.1995,0.1835,0.1889
2021-07-24,0.1889,0.2043,0.1889,0.1967
2021-07-25,0.1967,0.2004,0.1916,0.1959
2021-07-26,0.1959,0.2328,0.1948,0.2034
2021-07-27,0.2034,0.2093,0.1953,0.2033
2021-07-28,0.2036,0.2136,0.202,0.2062
2021-07-29,0.2062,0.2066,0.2005,0.2019
2021-07-30,0.2018,0.2105,0.1963,0.2068
2021-07-31,0.207,0.2143,0.205,0.2095
2021-08-01,0.2095,0.2178,0.2066,0.2102
2021-08-02,0.2102,0.2109,0.202,0.2037
2021-08-03,0.2036,0.2051,0.1937,0.1957
2021-08-04,0.1958,0.2031,0.1943,0.2025
2021-08-05,0.2025,0.203,0.1945,0.2008
2021-08-06,0.2008,0.2118,0.1986,0.2055
2021-08-07,0.2055,0.2499,0.2039,0.2406
2021-08-08,0.2397,0.2812,0.2351,0.2469
2021-08-09,0.247,0.2664,0.2313,0.2526
2021-08-10,0.2527,0.2623,0.2456,0.2591
2021-08-11,0.2589,0.2826,0.2545,0.2742
2021-08-12,0.2743,0.2941,0.2524,0.2615
2021-08-13,0.2615,0.2845,0.2558,0.2828
2021-08-14,0.2827,0.2986,0.2767,0.2911
2021-08-15,0.2912,0.3301,0.2876,0.3288
2021-08-16,0.3287,0.3512,0.3108,0.3236
2021-08-17,0.3239,0.3397,0.3002,0.3024
2021-08-18,0.3024,0.3244,0.2797,0.2994
2021-08-19,0.2993,0.3191,0.2941,0.3162
2021-08-20,0.3162,0.3334,0.3124,0.3283
2021-08-21,0.3285,0.3295,0.3158,0.3206
2021-08-22,0.3205,0.3216,0.3057,0.3113
2021-08-23,0.3113,0.3278,0.3107,0.3196
2021-08-24,0.3197,0.3197,0.2805,0.2941
2021-08-25,0.2942,0.2973,0.2799,0.292
2021-08-26,0.2922,0.2959,0.2646,0.2736
2021-08-27,0.2736,0.2948,0.2654,0.2935
2021-08-28,0.2935,0.2994,0.2832,0.286
2021-08-29,0.286,0.2918,0.2768,0.2817
2021-08-30,0.2817,0.29,0.2715,0.2789
2021-08-31,0.2788,0.2859,0.2699,0.2772
2021-09-01,0.2771,0.2924,0.2732,0.2902
2021-09-02,0.2907,0.3094,0.2887,0.3004
2021-09-03,0.3004,0.3047,0.2878,0.2966
2021-09-04,0.2966,0.3087,0.2915,0.3005
2021-09-05,0.3005,0.3141,0.2965,0.3119
2021-09-06,0.3119,0.3196,0.3005,0.3107
2021-09-07,0.3108,0.3114,0.2171,0.2521
2021-09-08,0.2529,0.2632,0.2341,0.2504
2021-09-09,0.2504,0.2596,0.2489,0.254
2021-09-10,0.254,0.2618,0.2365,0.2388
2021-09-11,0.2388,0.2479,0.2356,0.2428
2021-09-12,0.2428,0.2478,0.239,0.2417
2021-09-13,0.2418,0.255,0.2287,0.2373
2021-09-14,0.2373,0.2416,0.2342,0.2375
2021-09-15,0.2374,0.2478,0.2372,0.2469
2021-09-16,0.2469,0.2482,0.2334,0.2387
2021-09-17,0.2389,0.2595,0.2377,0.2416
2021-09-18,0.2418,0.2473,0.2378,0.2397
2021-09-19,0.2397,0.2419,0.2338,0.2362
2021-09-20,0.2362,0.2366,0.1996,0.2118
2021-09-21,0.2119,0.218,0.1982,0.206
2021-09-22,0.2059,0.2302,0.198,0.2245
2021-09-23,0.2245,0.227,0.218,0.2236
2021-09-24,0.2236,0.2286,0.1971,0.2104
2021-09-25,0.2105,0.2126,0.2047,0.2087
2021-09-26,0.2088,0.2101,0.1944,0.207
2021-09-27,0.207,0.2094,0.2005,0.2032
2021-09-28,0.2031,0.2039,0.1967,0.1998
2021-09-29,0.1999,0.2039,0.1948,0.1965
2021-09-30,0.1965,0.2058,0.1958,0.2035
2021-10-01,0.2035,0.2249,0.2018,0.2244
2021-10-02,0.2244,0.2249,0.2153,0.2223
2021-10-03,0.2223,0.2263,0.2158,0.2195
2021-10-04,0.2195,0.2458,0.213,0.2376
2021-10-05,0.2374,0.2675,0.2332,0.2534
2021-10-06,0.2536,0.2712,0.2426,0.2512
2021-10-07,0.2511,0.2568,0.2371,0.2453
2021-10-08,0.2453,0.2548,0.2412,0.2444
2021-10-09,0.2444,0.2523,0.2416,0.2469
2021-10-10,0.247,0.2487,0.2276,0.2328
2021-10-11,0.2326,0.2394,0.2253,0.2288
2021-10-12,0.2289,0.2316,0.2166,0.2248
2021-10-13,0.2251,0.2319,0.2208,0.2305
2021-10-14,0.2301,0.2401,0.2301,0.2341
2021-10-15,0.234,0.2434,0.2253,0.2353
2021-10-16,0.2352,0.2451,0.2337,0.2363
2021-10-17,0.2362,0.241,0.2266,0.2342
2021-10-18,0.2341,0.272,0.2341,0.247
2021-10-19,0.247,0.2547,0.2406,0.2453
2021-10-20,0.2451,0.2615,0.2421,0.2557
2021-10-21,0.2557,0.2582,0.2245,0.2452
2021-10-22,0.2451,0.2526,0.2357,0.2446
2021-10-23,0.2445,0.2534,0.2417,0.2493
2021-10-24,0.2493,0.2695,0.2459,0.2656
2021-10-25,0.2657,0.2826,0.2597,0.2642
2021-10-26,0.2632,0.274,0.261,0.2616
2021-10-27,0.2617,0.2635,0.22,0.2413
2021-10-28,0.2415,0.3397,0.2329,0.3011
2021-10-29,0.3011,0.3067,0.2774,0.2926
2021-10-30,0.2925,0.2946,0.2684,0.2703
2021-10-31,0.2702,0.2819,0.2526,0.2781
2021-11-01,0.278,0.2861,0.264,0.271
2021-11-02,0.271,0.2807,0.2674,0.2738
2021-11-03,0.274,0.2775,0.2634,0.2672
2021-11-04,0.2672,0.2709,0.2544,0.2617
2021-11-05,0.2618,0.2706,0.2574,0.2611
2021-11-06,0.2611,0.2675,0.2509,0.2628
2021-11-07,0.2629,0.2697,0.2588,0.2662
2021-11-08,0.2661,0.2968,0.2647,0.2784
2021-11-09,0.2784,0.29,0.2719,0.2751
2021-11-10,0.2751,0.2772,0.241,0.2557
2021-11-11,0.2557,0.2711,0.252,0.2632
2021-11-12,0.2632,0.2684,0.2493,0.2587
2021-11-13,0.2587,0.2623,0.2545,0.2611
2021-11-14,0.2612,0.2715,0.2603,0.2617
2021-11-15,0.2617,0.2651,0.2558,0.2583
2021-11-16,0.2582,0.2582,0.2253,0.2398
2021-11-17,0.2398,0.2414,0.2299,0.2364
2021-11-18,0.2365,0.2415,0.2157,0.2206
2021-11-19,0.2211,0.237,0.2165,0.2325
2021-11-20,0.2326,0.236,0.2257,0.2352
2021-11-21,0.2352,0.2355,0.2273,0.2278
2021-11-22,0.2279,0.2287,0.217,0.2209
2021-11-23,0.2209,0.2370445,0.2137565,0.22537
2021-11-24,0.2253705,0.230871,0.211089,0.216994
2021-11-25,0.2170275,0.2295705,0.2143055,0.2222305
2021-11-26,0.222212,0.2232525,0.189209,0.203499
2021-11-27,0.2035115,0.209527,0.201069,0.2058165
2021-11-28,0.20552,0.2067825,0.191505,0.2030675
2021-11-29,0.2029855,0.225306,0.2029785,0.215564
2021-11-30,0.215562,0.2276,0.212868,0.2167155
2021-12-01,0.216685,0.2190145,0.205938,0.2081025
2021-12-02,0.2080815,0.2232315,0.2018065,0.210854
2021-12-03,0.210948,0.2121495,0.1907785,0.1991805
2021-12-04,0.199349,0.201078,0.1304505,0.179414
2021-12-05,0.1793955,0.1819,0.162741,0.171152
2021-12-06,0.171152,0.180998,0.159252,0.178965
2021-12-07,0.1789865,0.1845065,0.1750435,0.175506
2021-12-08,0.175702,0.182289,0.1725185,0.1785
2021-12-09,0.1787,0.1825,0.1691,0.1716
2021-12-10,0.1717,0.1746,0.1649,0.166
2021-12-11,0.166,0.1701,0.1613,0.1678
2021-12-12,0.1678,0.1733,0.1657,0.1712
2021-12-13,0.1711,0.1712,0.1518,0.1589
2021-12-14,0.1589,0.219024,0.155,0.1872
2021-12-15,0.1871,0.192,0.170485,0.179508
2021-12-16,0.179508,0.185311,0.173252,0.175453
2021-12-17,0.175453,0.176653,0.161565,0.170068
2021-12-18,0.169868,0.175803,0.166042,0.172344
2021-12-19,0.172369,0.17467,0.169134,0.170885
2021-12-20,0.170785,0.171251,0.161232,0.16605
2021-12-21,0.165966,0.172269,0.16585,0.171769
2021-12-22,0.171769,0.179872,0.169751,0.174987
2021-12-23,0.174887,0.184574,0.171334,0.182791
2021-12-24,0.182673,0.195617,0.17949,0.187112
2021-12-25,0.187112,0.195398,0.184192,0.191276
2021-12-26,0.191276,0.192596,0.185092,0.191596,723846257
2021-12-27,0.191496,0.192896,0.186437,0.189057,1249877240
2021-12-28,0.189057,0.189557,0.1718,0.174035,1902169536
2021-12-29,0.174035,0.177335,0.167317,0.171334,1432065831
2021-12-30,0.171234,0.175835,0.165117,0.171034,1036969558
2021-12-31,0.171034,0.175835,0.166217,0.170017,1082031843.5439
2022-01-01,0.170017,0.173717,0.1697,0.172835,599039919.89206
2022-01-02,0.172835,0.176335,0.170534,0.174735,609630419.26384
2022-01-03,0.174735,0.175035,0.1674,0.169917,883621294.32521
2022-01-04,0.170017,0.1726,0.166467,0.169183,942688074.28484
2022-01-05,0.169166,0.171,0.1476,0.157784,2385138124.6471
2022-01-06,0.1578,0.162068,0.153954,0.160384,1852433048.0856
2022-01-07,0.160464,0.160684,0.14957,0.154285,2215111878.4779
2022-01-08,0.154285,0.157884,0.146285,0.1526,1279424620.5705
2022-01-09,0.1526,0.1539,0.1486,0.1512,809945541.62413
2022-01-10,0.1514,0.1522,0.136986,0.1427,1440128183.2912
2022-01-11,0.1426,0.1668,0.1418,0.152015,3911311826.1166
2022-01-12,0.152015,0.162965,0.15113,0.160564,1811965264.1231
2022-01-13,0.160564,0.176288,0.159964,0.167067,4482193001.9569
2022-01-14,0.167067,0.214686,0.165966,0.187656,13701596185.59
2022-01-15,0.187756,0.194778,0.180672,0.184892,4257699680.492
2022-01-16,0.184892,0.185693,0.173669,0.178571,2273210529.9864
2022-01-17,0.178671,0.179054,0.165666,0.168267,2221257066.7285
2022-01-18,0.168267,0.17437,0.161665,0.16635,2039353881.4442
2022-01-19,0.16645,0.169668,0.159048,0.163949,1753053500.8352
2022-01-20,0.164049,0.169334,0.153715,0.158032,1367436803.5833
2022-01-21,0.158032,0.158332,0.140028,0.143043,2374805627.4434
2022-01-22,0.143029,0.145244,0.120624,0.130839,3731944056.2591
2022-01-23,0.130739,0.144543,0.130426,0.138528,2690686370.7687
2022-01-24,0.138528,0.143429,0.126225,0.137141,2664394740.7355
2022-01-25,0.137041,0.150445,0.13264,0.142171,2812659214.8134
2022-01-26,0.142171,0.153292,0.140985,0.142585,2340334031.4793
2022-01-27,0.142585,0.145973,0.136254,0.13987,1280465065.7823
2022-01-28,0.140156,0.142657,0.137741,0.141028,816896581.81359
2022-01-29,0.141028,0.144243,0.140342,0.142743,623120866.31303
2022-01-30,0.142743,0.143843,0.138141,0.139456,616474103.94423
2022-01-31,0.139456,0.142671,0.136455,0.141571,775648709.70098
2022-02-01,0.141571,0.144387,0.14087,0.142485,748258655.27086
2022-02-02,0.142385,0.146373,0.136168,0.13791,812207911.0587
2022-02-03,0.137924,0.138956,0.134767,0.137069,633167276.76567
2022-02-04,0.136968,0.145802,0.136755,0.145716,971114631.38497
2022-02-05,0.145716,0.15069,0.145016,0.147889,1066837249.692
2022-02-06,0.147889,0.155878,0.144587,0.151561,1462991482.0159
2022-02-07,0.151561,0.173038,0.15116,0.167217,3840975394.6602
2022-02-08,0.167117,0.170136,0.153122,0.158543,2387877998.961
2022-02-09,0.158543,0.162546,0.154323,0.159876,1335871434.6606
2022-02-10,0.159828,0.160829,0.15062,0.153507,1413206923.5579
2022-02-11,0.153407,0.154408,0.142157,0.143243,1068965396.5448
2022-02-12,0.143143,0.147488,0.14087,0.144172,940005136.72214
2022-02-13,0.144172,0.157995,0.143472,0.154493,2666163353.7806
2022-02-14,0.153792,0.154893,0.142886,0.146473,1766002853.0151
2022-02-15,0.146473,0.151591,0.144887,0.15009,955563779.37144
2022-02-16,0.15009,0.152491,0.146288,0.149175,708438592.42261
2022-02-17,0.149189,0.15019,0.137182,0.140198,1004111276.1754
2022-02-18,0.140098,0.1423,0.136382,0.138483,793297141.35898
2022-02-19,0.138583,0.146573,0.138383,0.14077,1125385454.561
2022-02-20,0.14077,0.141285,0.135368,0.137969,716548520.14032
2022-02-21,0.138069,0.141871,0.129252,0.131266,1290285460.3162
2022-02-22,0.131166,0.131466,0.124037,0.129965,1201521502.4322
2022-02-23,0.130178,0.135681,0.127264,0.129478,868045082.88959
2022-02-24,0.129478,0.129578,0.106553,0.121048,2967226441.7602
2022-02-25,0.121048,0.128164,0.120548,0.128064,1152381158.8277
2022-02-26,0.128064,0.130465,0.12575,0.127451,856637960.96493
2022-02-27,0.127451,0.128451,0.121161,0.123562,903071238.69374
2022-02-28,0.123449,0.134967,0.121349,0.131853,1009211566.4518
2022-03-01,0.132453,0.138956,0.129752,0.13384,1434294805.9816
2022-03-02,0.13384,0.137241,0.130626,0.133427,1042471163.7211
2022-03-03,0.13344,0.13394,0.127125,0.129526,719161288.49679
2022-03-04,0.129426,0.130239,0.120124,0.122437,1056008143.4701
2022-03-05,0.122437,0.125538,0.121024,0.125238,466317953.99845
2022-03-06,0.125238,0.125638,0.120724,0.121837,548493681.93044
2022-03-07,0.121837,0.122637,0.114123,0.117035,747724804.78836
2022-03-08,0.116935,0.120036,0.115223,0.116423,692691284.93652
2022-03-09,0.116323,0.124525,0.116123,0.120912,736458486.24931
2022-03-10,0.121012,0.121924,0.114946,0.117147,838159070.14152
2022-03-11,0.116835,0.118636,0.113923,0.116023,274537396.80973
2022-03-12,0.116023,0.117323,0.115012,0.115412,256628426.11884
2022-03-13,0.115412,0.116423,0.110133,0.110733,531761549.23595
2022-03-14,0.110522,0.121912,0.109911,0.113623,1342950202.2382
2022-03-15,0.113611,0.114523,0.110211,0.112734,518912958.19394
2022-03-16,0.112734,0.116935,0.112122,0.115735,573414586.79979
2022-03-17,0.115735,0.119336,0.115623,0.116858,558135281.31396
2022-03-18,0.116858,0.119372,0.114269,0.118447,489713609.92203
2022-03-19,0.118559,0.125062,0.118347,0.123149,914973800.97138
2022-03-20,0.123162,0.124262,0.117459,0.119648,485991616.56118
2022-03-21,0.119748,0.121761,0.117747,0.119548,526904231.56955
2022-03-22,0.119448,0.125763,0.118659,0.122761,711521977.76536
2022-03-23,0.122761,0.131353,0.121048,0.129652,1902617723.9098
2022-03-24,0.129765,0.141271,0.127764,0.136254,4100225373.3633
2022-03-25,0.136254,0.137655,0.127551,0.130565,1815897782.5517
2022-03-26,0.130452,0.136968,0.129052,0.134854,1232421671.2614
2022-03-27,0.134967,0.144958,0.134854,0.143557,3051537687.5083
2022-03-28,0.143643,0.153261,0.142443,0.146759,2981319643.1686
2022-03-29,0.146988,0.14886,0.140756,0.142971,1881650051.6511
2022-03-30,0.142871,0.145558,0.138655,0.143143,1314614846.3733
2022-03-31,0.143243,0.14803,0.137441,0.139228,1913124527.4928
2022-04-01,0.139242,0.142857,0.13224,0.141957,1656075025.8319
2022-04-02,0.141957,0.144458,0.138055,0.140456,1153131874.2107
2022-04-03,0.140556,0.14966,0.136341,0.146359,1894076969.7392
2022-04-04,0.146544,0.156747,0.141428,0.147429,4040966237.6453
2022-04-05,0.147544,0.179336,0.147229,0.168517,8986206967.7008
2022-04-06,0.168517,0.174617,0.141,0.1464,7433159267.2012
2022-04-07,0.146315,0.148315,0.14,0.144114,2778255682.053
2022-04-08,0.144114,0.153331,0.143129,0.143757,3419269795.173
2022-04-09,0.143557,0.144543,0.140542,0.143543,1085179990.486
2022-04-10,0.143543,0.157747,0.143229,0.15223,4016732402.2335
2022-04-11,0.15253,0.153515,0.133327,0.13354,2664376263.6828
2022-04-12,0.13354,0.144629,0.13294,0.137427,2267256159.232
2022-04-13,0.137327,0.143443,0.135641,0.139842,1822203925.795
2022-04-14,0.139842,0.147544,0.137127,0.143614,3702866751.1892
2022-04-15,0.143614,0.14983,0.141828,0.145629,2391432691.8066
2022-04-16,0.145629,0.14803,0.141714,0.143729,733003859.1394
2022-04-17,0.143829,0.145029,0.140514,0.143129,955187890.17453
2022-04-18,0.143129,0.143429,0.133327,0.139842,1976400960.8636
2022-04-19,0.139942,0.144629,0.139228,0.142228,1179153233.8729
2022-04-20,0.142328,0.146829,0.139014,0.141928,2042018352.5403
2022-04-21,0.142028,0.142929,0.135914,0.136614,1050947123.3756
2022-04-22,0.136614,0.138128,0.134527,0.136014,817059545.25957
2022-04-23,0.135927,0.136927,0.133313,0.135527,447977240.83137
2022-04-24,0.135427,0.135527,0.130926,0.132126,719441102.95441
2022-04-25,0.132026,0.170834,0.1232,0.160132,11157040890.97
2022-04-26,0.160232,0.166733,0.138914,0.1419,9706217179.0903
2022-04-27,0.141914,0.1456,0.135,0.138514,4086846410.7598
2022-04-28,0.138514,0.143314,0.135214,0.1362,2176847431.6649
2022-04-29,0.1362,0.1451,0.1332,0.135314,3249286699.8916
2022-04-30,0.135314,0.136814,0.1308,0.1311,1252231823.8332
2022-05-01,0.1311,0.136514,0.1241,0.1319,2417814548.5475
2022-05-02,0.1319,0.133913,0.1276,0.131213,1540568455.4328
2022-05-03,0.131213,0.132313,0.126575,0.129287,859334439.30225
2022-05-04,0.129387,0.1362,0.128474,0.1355,1334698892.2922
2022-05-05,0.1356,0.137686,0.125775,0.128474,2282990242.6916
2022-05-06,0.128574,0.129474,0.123375,0.126987,1084457470.0146
2022-05-07,0.126987,0.132387,0.126075,0.126175,1320574813.007
2022-05-08,0.126075,0.128274,0.122951,0.125962,1603536708.0027
2022-05-09,0.125862,0.126062,0.105168,0.108478,2087991112.5466
2022-05-10,0.108478,0.118276,0.09926,0.105758,3702955589.4238
2022-05-11,0.105658,0.110756,0.071036,0.081995,4789434497.9535
2022-05-12,0.082494,0.0892416,0.0658814,0.0814794,5557318508.0136
2022-05-13,0.0815791,0.0952142,0.0784954,0.0909451,2978421598.091
2022-05-14,0.091045,0.0918528,0.0835326,0.0879767,1274674265.7128
2022-05-15,0.0879767,0.0918896,0.0863702,0.0916807,712813758.80241
2022-05-16,0.0916807,0.0930975,0.085871,0.0882851,575185590.16382
2022-05-17,0.0882851,0.0912995,0.0868695,0.0902825,727750360.20997
2022-05-18,0.0903824,0.0908908,0.0839907,0.0851891,688304367.47515
2022-05-19,0.0851891,0.0874212,0.0813941,0.0860139,725804844.32321
2022-05-20,0.0860139,0.0879032,0.0823928,0.0837993,659965587.63716
2022-05-21,0.0837993,0.085289,0.0823011,0.0839907,461488707.29744
2022-05-22,0.0839907,0.0865873,0.0836827,0.0852975,599257127.77573
2022-05-23,0.0851976,0.0883106,0.0834997,0.0843986,698302431.62669
2022-05-24,0.0843986,0.0843986,0.0800039,0.0831917,603648145.86866
2022-05-25,0.0831917,0.0843986,0.0820097,0.0835996,580384403.61223
2022-05-26,0.0836079,0.0837078,0.0750099,0.0791208,744877943.80461
2022-05-27,0.0791129,0.0875124,0.0760163,0.0811188,2347536328.1147
2022-05-28,0.0810189,0.0832075,0.080608,0.0816044,1039478606.7058
2022-05-29,0.0815045,0.0832092,0.079721,0.0825091,669650366.74183
2022-05-30,0.0826082,0.0877385,0.0820097,0.0871103,1247565807.3718
2022-05-31,0.087109,0.0884692,0.0830535,0.0859412,1331863799.2542
2022-06-01,0.0860111,0.0893695,0.078993,0.0801478,1516486700.2462
2022-06-02,0.080147,0.0825856,0.0799699,0.0825357,977733598.5866
2022-06-03,0.0825456,0.0830552,0.0792854,0.0808896,974297832.8637
2022-06-04,0.0808996,0.0824208,0.0792683,0.0817978,977357843.44261
2022-06-05,0.0818378,0.0821842,0.0805444,0.0818438,711091483.80563
2022-06-06,0.081853,0.0846597,0.0808231,0.0822101,1423470195.8482
2022-06-07,0.0822109,0.0825789,0.0776455,0.0816238,952139305.21013
2022-06-08,0.0816147,0.0817953,0.0787425,0.079978,808672944.71142
2022-06-09,0.079978,0.0809803,0.0788889,0.0794232,575000443.42888
2022-06-10,0.0794324,0.0796638,0.0741528,0.0757729,1244073645.318
2022-06-11,0.0758228,0.0764082,0.0678957,0.0703304,1384470515.0516
2022-06-12,0.0703204,0.0710482,0.0633512,0.0658189,2626865015.3426
2022-06-13,0.0658189,0.0661758,0.0522914,0.0551832,6524557558.3327
2022-06-14,0.0551937,0.0581885,0.0497957,0.0533559,4424679871.8758
2022-06-15,0.0533159,0.0600818,0.0503707,0.0590812,4251607270.0258
2022-06-16,0.0591012,0.0610628,0.0549939,0.0574852,2661268470.9548
2022-06-17,0.0549935,0.0580492,0.0544547,0.0569016,2000391521.2057
2022-06-18,0.0569516,0.0578017,0.0491072,0.0520455,3115391731.5533
2022-06-19,0.0519911,0.0626447,0.0510793,0.0612003,5985477815.1703
2022-06-20,0.0612203,0.061566,0.0573653,0.0593047,1492099510.2166
2022-06-21,0.0593646,0.0697832,0.0587543,0.0658075,4649394618.8052
2022-06-22,0.0657876,0.0665534,0.0610028,0.0618881,2637620942.1318
2022-06-23,0.061918,0.0646952,0.0613186,0.0634015,1637529468.1073
2022-06-24,0.0633975,0.0684337,0.0633376,0.0676932,1487915560.9708
2022-06-25,0.0676922,0.0693088,0.0650717,0.068453,1377150568.834
2022-06-26,0.068453,0.0775249,0.0671777,0.0767284,2813787915.9122
2022-06-27,0.0767432,0.078642,0.0705372,0.0719159,3774730197.836
2022-06-28,0.0719359,0.073214,0.0667265,0.067656,1832289064.0795
2022-06-29,0.067636,0.0714762,0.063989,0.07014,2087642663.3732
2022-06-30,0.070164,0.0706745,0.0622086,0.0634058,2364672893.6218
2022-07-01,0.0633838,0.0683248,0.0628345,0.0662071,1390168160.5063
2022-07-02,0.0661831,0.0679236,0.0654474,0.0670884,1211344156.9964
2022-07-03,0.0669965,0.0673823,0.0648731,0.0669499,533004330.28818
2022-07-04,0.0669449,0.069117,0.0656016,0.0686026,1033791464.0525
2022-07-05,0.0685866,0.069942,0.0654489,0.06814,1318366360.3941
2022-07-06,0.068142,0.068976,0.0660856,0.0682538,1295127143.6683
2022-07-07,0.0682618,0.071157,0.0678163,0.0705137,1302444180.0134
2022-07-08,0.0705397,0.0734476,0.0682071,0.0687797,1474389032.4734
2022-07-09,0.0687437,0.0701319,0.0687367,0.0696092,690904751.18955
2022-07-10,0.0695833,0.069901,0.0662486,0.0673636,671427867.28423
2022-07-11,0.0673556,0.0674765,0.0625537,0.0630122,921102730.01819
2022-07-12,0.0629983,0.0630269,0.0600029,0.0601668,1266867139.5971
2022-07-13,0.0601688,0.0622337,0.0576515,0.0604895,3043015215.934
2022-07-14,0.0604905,0.0626494,0.0596183,0.0618079,2574010386.737
2022-07-15,0.0618079,0.0643534,0.0616118,0.063374,2836618670.6125
2022-07-16,0.063314,0.06477,0.0617605,0.0640378,2274739317.9662
2022-07-17,0.0640142,0.0654659,0.0631984,0.0641553,1900863142.6896
2022-07-18,0.0641753,0.0689329,0.0629025,0.0658159,5301230559.1577
2022-07-19,0.0657783,0.070182,0.0654228,0.0700142,4027326903.3403
2022-07-20,0.069991,0.076885,0.0677434,0.0718156,7276595803.8603
2022-07-21,0.0718126,0.0718223,0.0669767,0.0699835,3119992792.0539
2022-07-22,0.0699845,0.0713423,0.0667593,0.0676359,2948527939.1682
2022-07-23,0.0676359,0.0695039,0.0659604,0.0671818,2465554611.2098
2022-07-24,0.0671757,0.0689229,0.0671757,0.068544,1814662675.4209
2022-07-25,0.068543,0.0689301,0.063281,0.0645092,3052506772.7387
2022-07-26,0.0645092,0.0645605,0.0601524,0.0611256,2881295070.5343
2022-07-27,0.061188,0.0658681,0.0611792,0.0653197,3222585560.9841
2022-07-28,0.0653197,0.0708036,0.0652739,0.069773,4588221541.5717
2022-07-29,0.0697736,0.0724437,0.0673078,0.0691894,4464565988.6826
2022-07-30,0.0691894,0.0744027,0.0680252,0.0707651,5940234726.1769
2022-07-31,0.0698019,0.0722547,0.0686347,0.0699531,2710597552.7165
2022-08-01,0.069965,0.0712604,0.0668957,0.0680444,3630836493.2744
2022-08-02,0.0680464,0.0690979,0.0655186,0.0672124,2388954637.1288
2022-08-03,0.0673504,0.0683819,0.065149,0.0675269,1898640716.985
2022-08-04,0.0675943,0.0675943,0.0657876,0.06664,1726817305.5171
2022-08-05,0.066639,0.0702363,0.0663547,0.0694042,2783868400.876
2022-08-06,0.0694042,0.0712917,0.0687157,0.0692932,2255342397.1352
2022-08-07,0.0692932,0.0699793,0.0674782,0.0696062,1284982934.6684
2022-08-08,0.0696062,0.0724989,0.0686457,0.0700824,3326017344.3693
2022-08-09,0.0700864,0.0742488,0.0678215,0.0692428,4853562046.677
2022-08-10,0.0692428,0.0714859,0.0667007,0.0710726,3055726523.9898
2022-08-11,0.0710726,0.0753892,0.0707145,0.0713935,4159082395.3622
2022-08-12,0.0713935,0.0723562,0.0697389,0.0716569,2315647376.0435
2022-08-13,0.071665,0.0751363,0.0714967,0.0732696,3383122827.3991
2022-08-14,0.0732706,0.0845235,0.0726603,0.0798237,11202364361.884
2022-08-15,0.079897,0.0824771,0.0747094,0.0768812,6185673016.988
2022-08-16,0.0768372,0.0893866,0.0762305,0.0858117,13787061780.871
2022-08-17,0.0858267,0.0889256,0.0794154,0.0801826,7431060341.5125
2022-08-18,0.0802926,0.0822218,0.0771418,0.0776848,3961994686.8591
2022-08-19,0.0776848,0.0778108,0.0677068,0.0692509,7108939935.7845
2022-08-20,0.0677974,0.0711196,0.0670537,0.0697986,4465766571.555
2022-08-21,0.0698296,0.0707809,0.0674449,0.0701116,3202650932.5157
2022-08-22,0.0701116,0.0702326,0.0652081,0.0671669,3306331150.9188
2022-08-23,0.0671669,0.0691841,0.066929,0.0685704,2231788444.2746
2022-08-24,0.0685891,0.0695887,0.067043,0.0685722,2670808556.705
2022-08-25,0.0686102,0.071748,0.0676083,0.0690681,4447789384.9608
2022-08-26,0.0690751,0.069511,0.0644688,0.0652885,4331545277.3648
2022-08-27,0.0652885,0.0655309,0.0623035,0.0627719,4829818800.5632
2022-08-28,0.0627719,0.0642714,0.0626383,0.063602,2978856134.5566
2022-08-29,0.063602,0.0640919,0.0608952,0.0633584,3406039846.6013
2022-08-30,0.0633881,0.0644707,0.0606593,0.0614075,2585791238.275
2022-08-31,0.0614279,0.0634414,0.0610582,0.0621134,2580405913.573
2022-09-01,0.0621564,0.062623,0.059896,0.0621903,2332538646.6952
2022-09-02,0.0621903,0.0628249,0.060698,0.0614442,2162961228.2612
2022-09-03,0.0614438,0.0639564,0.0611018,0.0623202,2789256843.4552
2022-09-04,0.062322,0.063875,0.0619242,0.063157,2286464116.8777
2022-09-05,0.063157,0.063721,0.0610191,0.0624182,2012500276.8162
2022-09-06,0.0622582,0.0652375,0.0580532,0.059008,3623858495.5942
2022-09-07,0.059008,0.0615074,0.0574053,0.0610913,3175921481.1529
2022-09-08,0.061091,0.0614231,0.0596544,0.0608211,2716597100.612
2022-09-09,0.060745,0.064835,0.0606659,0.0631641,4041601766.4741
2022-09-10,0.0631814,0.0649376,0.0629635,0.0640392,4035764828.3194
2022-09-11,0.0640568,0.0655022,0.0626347,0.0627721,3685702526.6162
2022-09-12,0.0628731,0.0650723,0.0626254,0.0638935,3284506126.906
2022-09-13,0.0639112,0.0641068,0.0592228,0.0602552,3633582568.5946
2022-09-14,0.060243,0.0614758,0.0591716,0.0612743,4008073703.5069
2022-09-15,0.0612673,0.0614751,0.0585871,0.0595196,3142371456.7819
2022-09-16,0.0595456,0.060092,0.0580994,0.059701,2249845791.6595
2022-09-17,0.059701,0.0624152,0.059701,0.0617112,2049303330.5041
2022-09-18,0.061612,0.0622572,0.0563044,0.05782,1833703151.4611
2022-09-19,0.057781,0.0586617,0.055905,0.0584398,2860657204.5166
2022-09-20,0.0584378,0.0605991,0.0576095,0.0584098,2209058527.9673
2022-09-21,0.0583992,0.0607921,0.056432,0.056721,2954298076.5055
2022-09-22,0.056725,0.059535,0.05607,0.059116,2080742442.2123
2022-09-23,0.0591239,0.064261,0.059105,0.0633627,5333174476.4395
2022-09-24,0.0633466,0.0682666,0.0628337,0.0635971,8148452518.8747
2022-09-25,0.063509,0.06385,0.0605474,0.06063,2818542584.8141
2022-09-26,0.060639,0.0618665,0.060053,0.060445,2441514192.9149
2022-09-27,0.060479,0.0630573,0.059753,0.060433,2737393254.4444
2022-09-28,0.060484,0.061121,0.0585121,0.060751,2195784306.0293
2022-09-29,0.060755,0.0610629,0.0592879,0.060398,1761308611.8641
2022-09-30,0.060395,0.061986,0.059683,0.061351,2629880067.0707
2022-10-01,0.0612881,0.063098,0.06026,0.060767,3388093001.1332
2022-10-02,0.060779,0.060959,0.059341,0.059851,1710096930.5558
2022-10-03,0.059856,0.060503,0.058779,0.060141,2022930907.8492
2022-10-04,0.060107,0.0663209,0.059957,0.0653406,6746584237.4945
2022-10-05,0.0653496,0.0667814,0.0627713,0.0642178,5568048585.8222
2022-10-06,0.0642518,0.0668127,0.0631667,0.0631667,3214193933.5159
2022-10-07,0.0631807,0.0638031,0.0613512,0.0621727,2962246821.5335
2022-10-08,0.0621752,0.0626553,0.0612051,0.061375,1345229948.9959
2022-10-09,0.061375,0.0624045,0.0611691,0.0623535,1774730182.5753
2022-10-10,0.0623455,0.0625105,0.060054,0.0605199,2320339329.4148
2022-10-11,0.060496,0.0608508,0.0575352,0.0598386,2804211092.0914
2022-10-12,0.0598356,0.0609901,0.0592738,0.0600368,2090110002.0353
2022-10-13,0.0600358,0.0602526,0.0551146,0.0599748,3942330787.648
2022-10-14,0.0599728,0.0610261,0.0583513,0.0583513,2629393815.5773
2022-10-15,0.0583413,0.0597828,0.0579848,0.0589109,2196263754.133
2022-10-16,0.0589,0.0594514,0.0584041,0.0586033,1869379686.6747
2022-10-17,0.0586229,0.060059,0.0584888,0.0596032,1708326747.1892
2022-10-18,0.05961,0.0610641,0.0585304,0.0593946,2559421980.5214
2022-10-19,0.0593969,0.060757,0.0585896,0.059441,2892828736.5649
2022-10-20,0.059441,0.060342,0.0582587,0.059728,3005640370.5494
2022-10-21,0.059735,0.0598422,0.0571299,0.0591887,2552273333.886
2022-10-22,0.0591887,0.05991,0.0590957,0.0597534,1464560037.2087
2022-10-23,0.0597534,0.0599776,0.0586798,0.0598168,1995548527.5431
2022-10-24,0.0598322,0.0606101,0.0586991,0.0593834,2556591471.7808
2022-10-25,0.0593914,0.0642321,0.0591542,0.062629,5005897427.787
2022-10-26,0.0626317,0.0735999,0.0621939,0.0720212,11882661805.637
2022-10-27,0.0721232,0.0855044,0.0715882,0.0802938,20858819694.643
2022-10-28,0.0802938,0.0883861,0.0725379,0.0846079,23334334470.635
2022-10-29,0.0846089,0.1510494,0.0829678,0.1292897,53147492382.307
2022-10-30,0.12934,0.1413284,0.1116719,0.1166543,39127443473.337
2022-10-31,0.1164933,0.1308355,0.113465,0.1243465,25934376982.57
2022-11-01,0.1243015,0.1486713,0.1242385,0.140166,19939573689.616
2022-11-02,0.140186,0.147881,0.122554,0.126622,19653512110.38
2022-11-03,0.126432,0.136856,0.1247,0.124854,10397196803.705
2022-11-04,0.124774,0.129083,0.11571,0.127281,13694563012.068
2022-11-05,0.127281,0.135766,0.122729,0.126922,7306424049.924
2022-11-06,0.126847,0.12759,0.117395,0.119178,5116230798.7312
2022-11-07,0.119186,0.119188,0.108101,0.108882,6020516219.3878
2022-11-08,0.108733,0.112551,0.077441,0.0859561,12451721361.266
2022-11-09,0.0859862,0.0929458,0.0714706,0.074635,11427539525.153
2022-11-10,0.0737234,0.0997989,0.0726386,0.0905468,8420422330.478
2022-11-11,0.090619,0.1023576,0.0803484,0.0841305,3714542092.2799
2022-11-12,0.0839787,0.094299,0.0784216,0.0910398,7852547717.8034
2022-11-13,0.0909111,0.0913273,0.0829911,0.0845045,3755542340.411
2022-11-14,0.0845584,0.0908817,0.079182,0.0850043,3215669346.7183
2022-11-15,0.0851838,0.0887522,0.0848166,0.0864764,1948708466.8955
2022-11-16,0.0863305,0.0909217,0.0834231,0.0854663,2514448892.6541
2022-11-17,0.0854343,0.0871421,0.0825165,0.0850006,1912190644.6268
2022-11-18,0.0849948,0.0866255,0.0835794,0.0841571,1330943260.3298
2022-11-19,0.0841571,0.0848914,0.0829618,0.0843643,858022881.41425
2022-11-20,0.0843652,0.0856636,0.0763759,0.0775909,2084333806.3785
2022-11-21,0.0776196,0.0778678,0.0713724,0.0743419,3274692421.3592
2022-11-22,0.0743257,0.0793221,0.0730183,0.0782454,2587262328.1136
2022-11-23,0.0782454,0.083368,0.0777216,0.0810547,2501025197.0763
2022-11-24,0.0810556,0.0838611,0.0804817,0.0811688,1667942409.7373
2022-11-25,0.0811688,0.0915091,0.0805508,0.0887804,5739250168.7983
2022-11-26,0.0887688,0.0954346,0.0872443,0.08816,4388441479.5108
2022-11-27,0.0882179,0.1072335,0.0881979,0.104637,9972410346.8431
2022-11-28,0.1049218,0.1049218,0.0906801,0.0952538,8213869673.3681
2022-11-29,0.0952518,0.105013,0.0936125,0.102182,6577575313.2531
2022-11-30,0.102194,0.109716,0.099635,0.108228,6410013062.3967
2022-12-01,0.108304,0.109538,0.100367,0.101771,4664364459.8687
2022-12-02,0.101787,0.103498,0.09699,0.101555,3348210006.9419
2022-12-03,0.101541,0.10308,0.098189,0.099751,3132106211.4873
2022-12-04,0.099789,0.10556,0.09943,0.10388,3538964929.3877
2022-12-05,0.103821,0.111673,0.100378,0.101083,4711396850.6886
2022-12-06,0.101102,0.102743,0.098118,0.099019,2352401504.2095
2022-12-07,0.099029,0.10121,0.093041,0.09557,2928014896.1661
2022-12-08,0.095661,0.098778,0.09476,0.098672,1974290002.1187
2022-12-09,0.098671,0.099397,0.095669,0.096237,1862633436.2717
2022-12-10,0.096248,0.0974121,0.096055,0.0965181,833322092.83803
2022-12-11,0.0964991,0.097122,0.0917383,0.0926763,1197760754.9954
2022-12-12,0.0926855,0.0932596,0.0852877,0.0896671,4083381012.2698
2022-12-13,0.0896391,0.0942244,0.0870816,0.0908142,3603835100.9108
2022-12-14,0.0908102,0.0924235,0.0873758,0.0886672,2737341271.6338
2022-12-15,0.0886672,0.0888299,0.0840784,0.0845559,1861470467.1987
2022-12-16,0.0845559,0.0868307,0.0748065,0.0767267,3177143851.6647
2022-12-17,0.0768157,0.0794603,0.0740884,0.0791653,3343861991.8937
2022-12-18,0.0793489,0.0794689,0.0782469,0.0792473,1067834757.6914
2022-12-19,0.0796299,0.0796307,0.069919,0.0706913,3006708800.4752
2022-12-20,0.0707023,0.0755455,0.0707023,0.074604,2307268914.5139
2022-12-21,0.074604,0.075134,0.0714523,0.0732427,1937660819.9733
2022-12-22,0.0732427,0.0777744,0.0730127,0.076741,3117620037.0608
2022-12-23,0.076743,0.0789515,0.0765723,0.0769513,2283595256.5219
2022-12-24,0.0769433,0.0781148,0.0766471,0.0775763,734873789.40766
2022-12-25,0.0776056,0.0777343,0.0733441,0.0757192,2458958807.4806
2022-12-26,0.0757514,0.0765426,0.0743451,0.0747041,1237009738.3086
2022-12-27,0.0746791,0.0761073,0.0728101,0.0734923,1567099451.5483
2022-12-28,0.0734923,0.0738622,0.0697054,0.0700991,3078564793.0107
2022-12-29,0.0701618,0.0713991,0.0693302,0.0706165,1365222496.3778
2022-12-30,0.0706172,0.0715061,0.0660183,0.068025,2157303888.605
2022-12-31,0.067905,0.0712624,0.0679044,0.0701959,1676537651.7823
2023-01-01,0.0702269,0.0707791,0.0690413,0.0700521,956333104.72398
2023-01-02,0.0699061,0.073158,0.0690524,0.0718883,1784602122.1924
2023-01-03,0.0718853,0.0722761,0.0694812,0.0700177,1730113933.1469
2023-01-04,0.0699937,0.0731217,0.0699717,0.0724971,2094252519.6371
2023-01-05,0.0724971,0.0752167,0.0723874,0.0737532,2548698063.49
2023-01-06,0.0737569,0.0738093,0.0736849,0.0737561,2085950803.3528
2023-01-07,0.0737554,0.0738086,0.0717088,0.0719417,1296169573.3327
2023-01-08,0.0719417,0.0730583,0.0712283,0.0729302,1551661879.2848
2023-01-09,0.0729302,0.0795962,0.0728264,0.0758382,4360230744.0394
2023-01-10,0.075931,0.0778001,0.0737763,0.0773998,3008179134.1576
2023-01-11,0.0773326,0.0783788,0.074721,0.0770533,1792550337.1282
2023-01-12,0.077061,0.0807613,0.0756847,0.0798072,3344098260.2691
2023-01-13,0.079719,0.0847593,0.0788182,0.0830565,3406099689.3513
2023-01-14,0.0830885,0.0924619,0.0826994,0.0866943,6895105673.6344
2023-01-15,0.0866953,0.0879551,0.0828973,0.086394,2754335830.9963
2023-01-16,0.0863955,0.0882897,0.0815639,0.0843027,3210063416.5663
2023-01-17,0.0836452,0.0850017,0.0820666,0.0836202,1958829013.7774
2023-01-18,0.0836584,0.08967,0.0784984,0.080935,6033071426.5664
2023-01-19,0.0809391,0.0821325,0.0795952,0.0815197,2135218286.7627
2023-01-20,0.0815197,0.0867147,0.0807174,0.0861055,2489611109.1243
2023-01-21,0.0860365,0.0890203,0.0851227,0.0869464,4132607956.043
2023-01-22,0.0868485,0.0933277,0.0842762,0.0882977,4757877634.1147
2023-01-23,0.0882676,0.0915018,0.0862153,0.0886213,3254557843.8148
2023-01-24,0.0885623,0.09077,0.0822499,0.0845735,2533983398.3182
2023-01-25,0.0845907,0.0881267,0.0816629,0.0856046,3232860410.7836
2023-01-26,0.0854645,0.0876181,0.0847268,0.0861979,2429982984.7109
2023-01-27,0.0862579,0.087991,0.0836797,0.086813,2216399332.199
2023-01-28,0.0868155,0.0935685,0.0865593,0.0871484,3389808255.7769
2023-01-29,0.0871684,0.0909581,0.0868681,0.0902275,2502270912.2954
2023-01-30,0.0902266,0.0926099,0.0847692,0.0864751,4715566887.0183
2023-01-31,0.0866271,0.0977549,0.0866062,0.0957376,8725301948.5453
2023-02-01,0.0957276,0.0970919,0.0882309,0.0937956,6066733178.6714
2023-02-02,0.0938047,0.0959501,0.0901363,0.0915993,3800538027.0942
2023-02-03,0.0917093,0.0931078,0.0903325,0.0926984,2646357943.3921
2023-02-04,0.0926984,0.09973,0.0924273,0.0972688,5906284327.7855
2023-02-05,0.0972788,0.0976248,0.0905554,0.0922921,4166255232.3503
2023-02-06,0.0922821,0.0932676,0.0905853,0.0909336,1756178857.6053
2023-02-07,0.0908736,0.0926585,0.088637,0.0925955,2625855638.5006
2023-02-08,0.0925566,0.0933256,0.0886054,0.0900782,1704226552.737
2023-02-09,0.0900873,0.0909173,0.0788907,0.0799872,3024337655.3443
2023-02-10,0.080057,0.08299,0.079884,0.0806221,2180134166.7875
2023-02-11,0.0806221,0.0825493,0.0794727,0.0824584,1385683312.773
2023-02-12,0.0824675,0.0857976,0.0811712,0.0823672,2134181623.7338
2023-02-13,0.0823672,0.0863874,0.0796516,0.081435,3652361585.5178
2023-02-14,0.0814358,0.0836485,0.0802967,0.0832606,2061677350.708
2023-02-15,0.0832623,0.0890169,0.082675,0.0885058,4539680331.3366
2023-02-16,0.0885049,0.0913491,0.0848683,0.0855581,4929076237.774
2023-02-17,0.0855591,0.0885232,0.0842993,0.0875698,2458928673.2544
2023-02-18,0.0875878,0.0903931,0.0868366,0.0889281,1993884942.1989
2023-02-19,0.0889742,0.0900427,0.0857849,0.0871002,2793661337.7267
2023-02-20,0.0871002,0.0887081,0.0851047,0.0877925,2278142909.183
2023-02-21,0.0877925,0.0888626,0.084466,0.0853455,2575690630.4893
2023-02-22,0.0853455,0.087573,0.0829215,0.085099,3350691985.0734
2023-02-23,0.0850999,0.0864068,0.083531,0.0842208,1794741897.6
2023-02-24,0.0842108,0.0849929,0.0792542,0.0800882,2572148838.7876
2023-02-25,0.0800802,0.0821572,0.078471,0.0800456,2044494200.5359
2023-02-26,0.0800336,0.0826076,0.0800336,0.0816959,1515659026.3704
2023-02-27,0.0816951,0.0822484,0.0799426,0.080913,1448671252.7
2023-02-28,0.080913,0.0830923,0.079937,0.0808947,2276712212.5658
2023-03-01,0.0808972,0.0828466,0.0803122,0.0818206,1345596591.5312
2023-03-02,0.0818296,0.0823113,0.0796034,0.0805883,1111342852.7422
2023-03-03,0.0805883,0.080673,0.071795,0.0762443,3657191912.4729
2023-03-04,0.0768151,0.0772767,0.0725963,0.0738242,1674400186.0429
2023-03-05,0.0738249,0.0760428,0.0737362,0.0748992,1375574723.6413
2023-03-06,0.0748942,0.075139,0.0732795,0.0747405,1732021413.2071
2023-03-07,0.0747335,0.0759702,0.0723281,0.0729374,2011011100.4731
2023-03-08,0.0739317,0.0743323,0.0699826,0.0709567,1714226302.2704
2023-03-09,0.0709829,0.0722576,0.0639872,0.0654469,2826893114.7383
2023-03-10,0.0653465,0.0661403,0.062564,0.0657315,2762957706.5524
2023-03-11,0.0657208,0.0690285,0.0636704,0.065996,3220345203.4445
2023-03-12,0.0665541,0.0714566,0.0658967,0.0706277,2083775319.0055
2023-03-13,0.0706661,0.0739584,0.0683227,0.0732099,3477396254.2405
2023-03-14,0.073212,0.0779391,0.0715283,0.074759,3586717680.679
2023-03-15,0.0749184,0.0762823,0.0681398,0.0696222,3137839782.4361
2023-03-16,0.0696292,0.0716047,0.0689768,0.0715556,2255071213.2939
2023-03-17,0.0715566,0.0772499,0.0712932,0.076808,3340536044.4904
2023-03-18,0.076805,0.0790379,0.0726717,0.073872,3709177658.1437
2023-03-19,0.0739913,0.0767398,0.072697,0.0755442,2167065011.0606
2023-03-20,0.0755492,0.0757972,0.070627,0.072052,2744538516.4072
2023-03-21,0.072033,0.0780574,0.0706325,0.0765331,3626397473.8107
2023-03-22,0.0765123,0.0781676,0.0717167,0.0737325,4580244543.4916
2023-03-23,0.073911,0.0792849,0.0731387,0.0771399,4151230946.6727
2023-03-24,0.0771912,0.0776452,0.0730498,0.074796,2502916230.5308
2023-03-25,0.0748119,0.0760405,0.0725809,0.0735703,1865997917.8486
2023-03-26,0.0735403,0.0754458,0.0734206,0.0738724,1539140589.3203
2023-03-27,0.0738702,0.0760646,0.0713818,0.0727482,2603666335.6765
2023-03-28,0.0729233,0.074004,0.0716929,0.0733509,1525770599.4861
2023-03-29,0.0733126,0.076804,0.0731975,0.0760434,2586005297.2183
2023-03-30,0.0758918,0.0768267,0.0733637,0.0745119,2245240315.9008
2023-03-31,0.0744818,0.0769282,0.0735023,0.0765243,1950132140.4536
2023-04-01,0.0764243,0.083315,0.0759643,0.0816404,5172324228.324
2023-04-02,0.0816712,0.0855851,0.0782368,0.0792501,6032576880.0589
2023-04-03,0.0792601,0.1037575,0.0761298,0.0932654,22308922168.149
2023-04-04,0.0932663,0.103456,0.092286,0.0956168,21019548142.215
2023-04-05,0.0955988,0.0991757,0.0907627,0.0927724,8689870178.2418
2023-04-06,0.0926833,0.0936677,0.0844497,0.0862712,8429835303.6209
2023-04-07,0.0862612,0.0867202,0.0812845,0.0820597,6385231218.7973
2023-04-08,0.0820116,0.0838734,0.0805917,0.0813327,3041857153.633
2023-04-09,0.0813335,0.0838962,0.0806744,0.0838962,2273914759.5923
2023-04-10,0.0838962,0.0845819,0.0823464,0.0839878,2319554813.9167
2023-04-11,0.0839878,0.0858193,0.0839044,0.0840661,3171146603.0038
2023-04-12,0.0840822,0.0845461,0.0810384,0.0828756,3940287347.166
2023-04-13,0.0828756,0.0888509,0.0828748,0.0870725,5917726512.2887
2023-04-14,0.0870825,0.0914495,0.0854766,0.0886536,6966808379.375
2023-04-15,0.0887926,0.0901402,0.087303,0.0884585,3020788376.0749
2023-04-16,0.0885106,0.0919043,0.0877582,0.0910709,3955655999.2787
2023-04-17,0.0910709,0.0949064,0.0882393,0.0918541,8089435649.5887
2023-04-18,0.0918151,0.0949479,0.0898213,0.0934569,4941941612.0923
2023-04-19,0.093456,0.0941811,0.0853206,0.0883095,7906512977.5516
2023-04-20,0.0883396,0.093555,0.0825691,0.0840257,11801568671.933
2023-04-21,0.0840069,0.0846907,0.0766054,0.0777324,5001460166.4697
2023-04-22,0.0775915,0.0809898,0.0774307,0.0800182,2165999635.6429
2023-04-23,0.0800462,0.0807919,0.0766879,0.0780769,1813257545.567
2023-04-24,0.0780429,0.0800392,0.0771637,0.0782606,2187623543.7128
2023-04-25,0.0782613,0.0798193,0.0775741,0.0795473,1527487373.4825
2023-04-26,0.0795793,0.0836107,0.0747742,0.0787802,4148993098.0196
2023-04-27,0.078266,0.0809744,0.078046,0.0802855,2635666922.9157
2023-04-28,0.0802655,0.0807083,0.079045,0.0802908,1543567840.3006
2023-04-29,0.0802908,0.0819583,0.0801775,0.0816882,1531733251.7412
2023-04-30,0.0816964,0.0817733,0.0792868,0.0800666,1589034515.324
2023-05-01,0.0799846,0.0801635,0.0774864,0.0787015,2004591725.375
2023-05-02,0.0786995,0.0790993,0.0775688,0.0788699,1468308170.8826
2023-05-03,0.0788691,0.0793024,0.0771522,0.0792716,1848723120.3962
2023-05-04,0.0792804,0.0806447,0.0779816,0.0782692,1669924003.4777
2023-05-05,0.0782692,0.0798716,0.0773316,0.0796634,2034147983.0377
2023-05-06,0.0796634,0.0815225,0.0759077,0.0768545,3202963739.3512
2023-05-07,0.0768514,0.0775792,0.0766521,0.0773522,1420610399.4213
2023-05-08,0.0773622,0.0775822,0.0699682,0.0721118,3410527971.8322
2023-05-09,0.0721651,0.0733923,0.0719993,0.0729929,2133581583.8455
2023-05-10,0.0730039,0.0747806,0.0705545,0.0730667,2672242307.0942
2023-05-11,0.073072,0.0735371,0.0692823,0.0711821,2556511502.3183
2023-05-12,0.0711921,0.073024,0.0693947,0.0718785,3461191564.306
2023-05-13,0.0719085,0.0726626,0.0713847,0.0718469,1111979157.162
2023-05-14,0.0717949,0.0727226,0.0712237,0.0718421,1234852660.088
2023-05-15,0.0718421,0.0736332,0.0709144,0.0724197,1838903102.5845
2023-05-16,0.0723866,0.0731676,0.0709525,0.0731603,1945685395.5794
2023-05-17,0.0731903,0.0754877,0.0723319,0.0751766,2993613879.498
2023-05-18,0.0751691,0.0751766,0.0716625,0.0735284,2526235910.9277
2023-05-19,0.0735284,0.074883,0.0730363,0.073477,1634806170.9783
2023-05-20,0.0734917,0.0739475,0.0731082,0.0736152,973916914.3669
2023-05-21,0.0735872,0.0740556,0.072031,0.0721122,1048277144.0742
2023-05-22,0.072105,0.0740334,0.0707734,0.0731956,1970655199.3066
2023-05-23,0.0731956,0.0739516,0.0724626,0.0727846,1182199031.3442
2023-05-24,0.0728294,0.0728868,0.0693746,0.0709667,1792443776.721
2023-05-25,0.0709675,0.0710735,0.0686373,0.0707031,1432418383.0319
2023-05-26,0.0707024,0.0713603,0.070376,0.0711642,1470671723.2715
2023-05-27,0.0711223,0.0718833,0.0708508,0.0717775,1002927167.7588
2023-05-28,0.0717797,0.0734357,0.0717705,0.0731678,2009415334.3961
2023-05-29,0.0731358,0.0739912,0.0726957,0.073201,1763237221.0546
2023-05-30,0.073201,0.0734525,0.0720619,0.0723172,3305068666.6143
2023-05-31,0.0723172,0.0726713,0.0705583,0.0714917,2097205840.1675
2023-06-01,0.0714924,0.0722016,0.0707256,0.0718418,1725078956.9954
2023-06-02,0.0717811,0.0732944,0.0709866,0.0724098,2093614821.0055
2023-06-03,0.0724098,0.0729465,0.0722399,0.0723899,1268285276.2493
2023-06-04,0.072424,0.0730912,0.0723629,0.0729944,1750485139.9427
2023-06-05,0.0729944,0.0733252,0.0632702,0.0662189,4004573558.664
2023-06-06,0.0660331,0.0719819,0.0658674,0.0700813,4688068730.1677
2023-06-07,0.0700913,0.0708597,0.066757,0.0667603,2888617772.8873
2023-06-08,0.0667663,0.0684865,0.0666573,0.0679662,2121822854.1118
2023-06-09,0.0679312,0.0710762,0.0673141,0.0689872,3184762488.8838
2023-06-10,0.0689872,0.0711383,0.0531311,0.0615967,7150376979.389
2023-06-11,0.0615747,0.0629211,0.0611496,0.0616657,2602903875.7674
2023-06-12,0.0616853,0.0620126,0.0597989,0.0615625,2619592739.1029
2023-06-13,0.0615618,0.062711,0.0605457,0.061672,2642360179.2724
2023-06-14,0.061647,0.0621722,0.0583492,0.0596436,3150502779.2929
2023-06-15,0.0595462,0.0618855,0.0595456,0.0617977,2386529729.7965
2023-06-16,0.0617177,0.062723,0.0607088,0.06192,3331813631.8402
2023-06-17,0.06192,0.06292,0.0616711,0.0622029,2531214614.8523
2023-06-18,0.0622029,0.0639418,0.061181,0.0616958,2995459464.6831
2023-06-19,0.0616964,0.0628151,0.0615679,0.0623497,2141823914.9582
2023-06-20,0.062349,0.0629744,0.0607173,0.0624204,2357578545.3932
2023-06-21,0.0624684,0.0667727,0.0623397,0.0653423,3535255972.3008
2023-06-22,0.0653249,0.0693625,0.065113,0.0659689,3941225568.8415
2023-06-23,0.0659749,0.0701448,0.0652534,0.0676509,3456638293.2212
2023-06-24,0.0676502,0.0684384,0.0653419,0.0663288,3515911482.3608
2023-06-25,0.0663288,0.0680296,0.0663288,0.0668224,2421228368.0546
2023-06-26,0.0668504,0.0671491,0.0637924,0.0638534,2990872523.831
2023-06-27,0.0638634,0.0657954,0.0633448,0.0655214,2977213768.98
2023-06-28,0.0655435,0.0659649,0.0603277,0.0624904,3274393021.3127
2023-06-29,0.0624904,0.0640622,0.062401,0.0632453,2585482808.7982
2023-06-30,0.0632428,0.0669136,0.0610105,0.0657067,4640038661.2594
2023-07-01,0.0657966,0.071257,0.065788,0.068629,6137471020.5482
2023-07-02,0.0686203,0.0691158,0.0659573,0.0680471,5309914380.6063
2023-07-03,0.0680581,0.0688049,0.0672636,0.0681058,3695533650.8862
2023-07-04,0.0681038,0.0717768,0.0676491,0.0688761,4454756796.3649
2023-07-05,0.0689148,0.0692666,0.065609,0.0668917,3669639586.253
2023-07-06,0.066911,0.0685494,0.0647142,0.0654931,3818560270.5962
2023-07-07,0.0656451,0.0661503,0.0641356,0.0652875,2926976361.5443
2023-07-08,0.0652869,0.0657306,0.0647309,0.0656122,1760249857.1652
2023-07-09,0.0655795,0.0663676,0.0651791,0.0655028,1972876485.1422
2023-07-10,0.0655208,0.0661763,0.0633327,0.065262,2642572367.0209
2023-07-11,0.065232,0.0657215,0.0644042,0.0648836,1968403964.41
2023-07-12,0.0648843,0.065691,0.0636871,0.0645391,1580732337.8926
2023-07-13,0.0644591,0.0716891,0.0643984,0.0692467,4307799315.4077
2023-07-14,0.069187,0.0730917,0.0661985,0.0682624,5359104131.9527
2023-07-15,0.0682524,0.0750072,0.0677383,0.0717725,8190777119.2853
2023-07-16,0.0717725,0.0722212,0.0690755,0.0699312,2814352694.669
2023-07-17,0.0699211,0.0732144,0.0678246,0.0696728,4430396518.0909
2023-07-18,0.0696728,0.0703198,0.067057,0.068334,2741519460.6767
2023-07-19,0.068356,0.0720571,0.0682215,0.0700883,3985546281.4706
2023-07-20,0.0701083,0.0738383,0.0694041,0.0706046,7054656070.6672
2023-07-21,0.0705926,0.0767967,0.0702975,0.0731405,6785118924.339
2023-07-22,0.0731725,0.0737447,0.0701574,0.0712081,3671261500.3834
2023-07-23,0.0711878,0.0729195,0.0696601,0.0721568,3242368231.9979
2023-07-24,0.0713876,0.0777581,0.0701924,0.0745101,12449449310.949
2023-07-25,0.0745321,0.0836406,0.0736009,0.0813633,12742444943.459
2023-07-26,0.0813643,0.0822591,0.0766097,0.0784241,7621710628.5819
2023-07-27,0.0784234,0.0799238,0.0766675,0.0773261,4020742600.5561
2023-07-28,0.0774081,0.077877,0.0760662,0.0775544,2791012540.3555
2023-07-29,0.0775374,0.0821427,0.0768605,0.0798102,3851169219.785
2023-07-30,0.0798082,0.080631,0.0763498,0.078002,3690766876.3543
2023-07-31,0.078003,0.0797719,0.0767526,0.0774878,3587945754.1391
2023-08-01,0.0777858,0.0782424,0.0752737,0.0772416,3623389403.9346
2023-08-02,0.0772516,0.0783039,0.0738919,0.0745985,4192810286.7259
2023-08-03,0.0745877,0.074953,0.0726146,0.074069,4034629905.4734
2023-08-04,0.074069,0.0748483,0.0724339,0.0732314,3714058865.97
2023-08-05,0.0732314,0.0769509,0.0728916,0.0759653,4797568121.7947
2023-08-06,0.0760718,0.0766603,0.0738471,0.0747837,4064946836.5421
2023-08-07,0.0747867,0.075497,0.0717737,0.073403,3482670954.7929
2023-08-08,0.073403,0.0754363,0.0731195,0.0753077,3808539746.9793
2023-08-09,0.0752677,0.0761122,0.0741239,0.074614,4130831466.7986
2023-08-10,0.074604,0.0768256,0.0744954,0.0755908,4939182360.4054
2023-08-11,0.0757396,0.0760226,0.0748456,0.0752489,3229614239.7868
2023-08-12,0.0752481,0.0773529,0.0751762,0.0768619,3904747602.2618
2023-08-13,0.0768652,0.0772177,0.0750769,0.0751296,4173892820.7188
2023-08-14,0.0751216,0.0769331,0.0736469,0.0741147,4545117468.8274
2023-08-15,0.0744433,0.0749198,0.067846,0.0707691,4628144220.8926
2023-08-16,0.0707684,0.0711742,0.0660013,0.0672056,4017553177.3996
2023-08-17,0.0672356,0.068319,0.054634,0.059556,5515727731.0615
2023-08-18,0.059584,0.0638167,0.058876,0.0632693,7145687358.0896
2023-08-19,0.0633893,0.0644522,0.0630315,0.0635535,3752491023.5012
2023-08-20,0.06347,0.0646932,0.0633753,0.0638658,3131846293.2751
2023-08-21,0.0638652,0.064095,0.0605086,0.0626496,3284775645.2098
2023-08-22,0.0626496,0.0632557,0.0602407,0.0613701,3495466559.1365
2023-08-23,0.0613701,0.0648275,0.0612464,0.0634389,4326920975.6695
2023-08-24,0.0634263,0.0640169,0.0619574,0.062649,2303380951.4667
2023-08-25,0.062649,0.0631642,0.0617445,0.0628758,2259759067.1863
2023-08-26,0.0628758,0.0633223,0.0626103,0.0628764,1591097865.7754
2023-08-27,0.0628764,0.0637659,0.0626789,0.0630324,1247982100.2721
2023-08-28,0.0630317,0.0635186,0.0618994,0.0633067,1794096121.3056
2023-08-29,0.0633061,0.0683507,0.0624772,0.0667437,5540927355.2644
2023-08-30,0.066743,0.0670378,0.0644442,0.065671,4255279875.1472
2023-08-31,0.065599,0.066975,0.0628908,0.0632114,4781134329.8912
2023-09-01,0.0632108,0.0642027,0.062391,0.063516,3741539856.6523
2023-09-02,0.0636385,0.064916,0.0626647,0.063392,3605827281.4896
2023-09-03,0.063392,0.0637669,0.062761,0.0632276,2113104766.4947
2023-09-04,0.0632176,0.0638284,0.062141,0.0623625,1907060326.1555
2023-09-05,0.0621326,0.0643197,0.0621256,0.0638297,2434521718.0765
2023-09-06,0.0638903,0.0645935,0.062476,0.0633813,2645149524.7473
2023-09-07,0.0633813,0.0638103,0.0627657,0.0633967,2188277759.2465
2023-09-08,0.0633992,0.063987,0.062356,0.0634501,2393702834.0864
2023-09-09,0.0634301,0.0638564,0.063178,0.0635299,1846925744.0164
2023-09-10,0.0634107,0.0635406,0.0593452,0.0615576,3266898419.7375
2023-09-11,0.0615882,0.0619693,0.059205,0.0605016,3284221289.5908
2023-09-12,0.0605016,0.062367,0.0601973,0.0612645,3626334623.5732
2023-09-13,0.0611661,0.0617083,0.0604899,0.0612432,3798000325.1461
2023-09-14,0.0612222,0.0625396,0.0611008,0.062089,2955451330.5568
2023-09-15,0.0620884,0.0624357,0.0613874,0.0623281,1943907988.6639
2023-09-16,0.0623275,0.0629633,0.0617801,0.0620552,2460216016.4885
2023-09-17,0.0620346,0.0623997,0.0610226,0.0613537,1996826902.3026
2023-09-18,0.0613537,0.0628209,0.061031,0.0617909,2954865139.7082
2023-09-19,0.0617909,0.0632343,0.0617909,0.0625878,3179757145.8876
2023-09-20,0.0625878,0.0630123,0.0615421,0.0627228,2971078972.2709
2023-09-21,0.0627228,0.0634067,0.0610859,0.0613075,3339952747.1756
2023-09-22,0.0613075,0.0618738,0.0606274,0.0612847,2309632647.4074
2023-09-23,0.0613093,0.0619716,0.0612857,0.0615953,1388359895.0165
2023-09-24,0.0615613,0.0617412,0.0608537,0.0610824,1297285886.4911
2023-09-25,0.0610824,0.0612069,0.0601058,0.060828,1672146154.3012
2023-09-26,0.0609553,0.0611282,0.0593015,0.0605829,1244138723.9233
2023-09-27,0.0605829,0.0613513,0.0601307,0.0603163,2299311827.0876
2023-09-28,0.0603163,0.0616456,0.0602238,0.0612778,1581901913.3698
2023-09-29,0.0612572,0.0624731,0.0611384,0.0619348,1568373628.024
2023-09-30,0.0620322,0.0626971,0.0617449,0.0623215,1871010235.9519
2023-10-01,0.0623215,0.0628679,0.0617262,0.0620258,1753818354.9619
2023-10-02,0.0620258,0.0641995,0.061239,0.0617879,5616117188.6527
2023-10-03,0.0618389,0.062281,0.0611288,0.0614104,3917654931.8787
2023-10-04,0.0614104,0.0615472,0.0601314,0.0612901,1291095780.2464
2023-10-05,0.0612895,0.0616272,0.0606472,0.0610075,1228546660.7547
2023-10-06,0.0610075,0.0615622,0.0607375,0.0614156,1308245507.0953
2023-10-07,0.0614152,0.0616792,0.0610915,0.061375,1427952812.2217
2023-10-08,0.061375,0.0616384,0.0607417,0.0610458,1188131031.2029
2023-10-09,0.0610458,0.0611124,0.0565871,0.0587433,2472764556.8724
2023-10-10,0.0587433,0.0592257,0.0584807,0.0588655,1748012824.8937
2023-10-11,0.0588649,0.0594596,0.0576575,0.0581121,2580374870.7936
2023-10-12,0.0581517,0.0585287,0.057322,0.0578976,1797120730.0144
2023-10-13,0.057819,0.0588835,0.0577638,0.0584317,2169653747.9619
2023-10-14,0.0584311,0.059729,0.058225,0.0596774,1900062972.5367
2023-10-15,0.0596354,0.0599772,0.0590249,0.0596114,1459883760.1634
2023-10-16,0.0596114,0.0617346,0.059142,0.0598535,4158210196.1546
2023-10-17,0.0598535,0.0602369,0.0582836,0.0589608,2991548927.4527
2023-10-18,0.0589608,0.0593578,0.0582927,0.0584213,1127448808.6929
2023-10-19,0.0584213,0.0589814,0.0574654,0.0585824,1928180457.35
2023-10-20,0.0586044,0.0604853,0.0585818,0.0601843,1516297867.1544
2023-10-21,0.0601837,0.0614556,0.0594442,0.061161,1842837131.1039
2023-10-22,0.0611499,0.0617263,0.0599984,0.0609317,1999562258.8108
2023-10-23,0.0609317,0.0656931,0.0607031,0.0655831,5535805537.4476
2023-10-24,0.0655831,0.0688993,0.0653643,0.0671229,6179412790.695
2023-10-25,0.0671229,0.0689007,0.0657539,0.0672565,4368659067.9438
2023-10-26,0.0673345,0.073191,0.0657474,0.067303,5727594648.6657